index,real x(1),real y(1),real x(2),real y(2)
23,141.6815643310547,454.9009094238281,131.5,452.5
24,152.0,198.20370483398438,463.7032775878906,196.83021545410156
